DROP TABLE IF EXISTS the_fat_woodcocks;
DROP TABLE IF EXISTS the_fat_woodcocks_board_state;
DROP TABLE IF EXISTS seczeys_revenge;
DROP TABLE IF EXISTS seczeys_revenge_board_state;
DROP TABLE IF EXISTS tfk;
DROP TABLE IF EXISTS tfk_board_state;
DROP TABLE IF EXISTS the_real_world_traders;
DROP TABLE IF EXISTS the_real_world_traders_board_state;
DROP TABLE IF EXISTS bbbbb;
DROP TABLE IF EXISTS bbbbb_board_state;
DROP TABLE IF EXISTS phased_and_confused;
DROP TABLE IF EXISTS phased_and_confused_board_state;
DROP TABLE IF EXISTS completions;
DROP TABLE IF EXISTS submissions;

DROP TABLE IF EXISTS team_test;
DROP TABLE IF EXISTS team_test_board_state;
DROP TABLE IF EXISTS test_completions;
DROP TABLE IF EXISTS test_submissions;

DROP TABLE IF EXISTS settings;

DROP TABLE IF EXISTS tasks;

--- BINGO TASKS

CREATE TABLE tasks (
	task_id SERIAL NOT NULL,
    point_value INT NOT NULL,
    task_name VARCHAR(500) NOT NULL,
    PRIMARY KEY (task_id)
);

INSERT INTO tasks VALUES
(1,5,E'Most cumulative beer bought during all task completions'),
(2,2,E'Receive a non-prayer scroll purple unique from Chambers of Xeric (Buckler, DHCB, Dinh\'s, Ancestral, Dragon Claws, Elder Maul, Kodai, Twisted Bow, Kit, Dust, Pet)'),
(3,3,E'Obtain an Enhanced Crystal Weapon Seed'),
(4,2,E'Achieve 5,000,000 Woodcutting XP AND obtain a Fox Whistle'),
(5,3,E'Obtain all pieces to complete a Voidwaker'),
(6,1,E'Obtain a Warped sceptre'),
(7,1,E'Achieve 125,000 xp/hr for a minimum of 60 minutes while mining'),
(8,1,E'Obtain a Dark Bow'),
(9,1,E'Obtain an Ash covered tome from Petrified Pete\'s Ore Shop'),
(10,3,E'Obtain one of three Visages (Skeletal, Wyvern, or Draconic)'),
(11,5,E'Last the longest, while still killing the Corrupted Hunleff (Must loot chest after)'),
(12,2,E'Receive a purple unique from Theatre of Blood (Avernic defender hilt, Justicar, Rapier, Sanguinesti, Scythe, Kit, Dust, Pet)'),
(13,1,E'Alch the purple you received (one time use)'),
(14,2,E'Complete Chambers solo in under 17 minutes, trio under 14:30, or any other team size under 12:30.'),
(15,3,E'Receive an imbued heart, dust battlestaff, mist battlestaff, or eternal gem from a Superior'),
(16,3,E'Obtain a drop from the Mega-rare table from a master clue'),
(17,3,E'Obtain an Abyssal Lantern and Abyssal Needle'),
(18,2,E'Obtain an Occult Necklace'),
(19,1,E'Obtain all of the wilderness rings'),
(20,2,E'Complete a Grandmaster quest'),
(21,2,E'Earn a Fire cape before anyone else'),
(22,5,E'Score a goal in gnomeball against an opposing bingo team'),
(23,1,E'Obtain a Revenant Weapon (Viggora\'s Chainmace, Craw\'s Bow, or Thammaron\'s Sceptre)'),
(24,2,E'Receive a good purple unique from Tombs of Amascut (Masori, Fang, Shadow, Pet)'),
(25,2,E'Obtain the following: Bandos Chestplate, Armadyl Chainskirt, Zamorak Spear, Armadyl Crossbow, Zaryte Vambraces. Then wear this outfit and screenshot saying "I am the God this dungeon was named after." (have other weapon in inventory while not wearing)'),
(26,3,E'Obtain a Slepey Tablet and any Nightmare Unique (Staff, Inquisitor, Orb, Pet, Jar, Egg)'),
(27,2,E'Obtain a Hydra Claw or Hydra Leather'),
(28,2,E'Successfully bake a Wild Pie. Ironman style. (Gather all ingredients, and successful process.)'),
(29,1,E'Obtain a Pharaoh\'s Sceptre from Pyramid Plunder'),
(30,1,E'Obtain a unique from Zalcano (Crystal tool seed, Zalcano shard, pet, onyx)'),
(31,2,E'Least deaths wins. Nominate your Champion. "PK" opposing teams while completing ToB. One point goes to the team whose member has the least deaths'),
(32,5,E'Achieve the highest level invocation Tombs of Amascut completion in any scale'),
(33,3,E'Obtain a Sigil, Jar, or Pet from Corp'),
(34,3,E'Obtain any vestige from one of the Desert Treasure II bosses'),
(35,2,E'Obtain an Eternal Glory'),
(36,1,E'Kill 10 different quest bosses'),
(37,1,E'Receive an 84,000 thieving experience drop'),
(38,2,E'Complete a heavy ballista'),
(39,1,E'Create an Amulet of Torture, Ironman style'),
(40,2,E'Obtain Dragon limbs'),
(41,5,E'Earn an Infernal cape before anyone else'),
(42,3,E'Achieve the most valuable Bounty Hunter PK (cannot be boosted/friends/clan/etc.)'),
(43,1,E'Obtain a crystal from Cerberus (Eternal, Pegasian, Primordial)'),
(44,2,E'Obtain a non-head unique from Vorkath (Dragonbone necklace, Jar, pet, either visage) (asking about wrath talisman loses your team 1 point)'),
(45,1,E'Obtain Bryophyta\'s Essence'),
(46,2,E'Obtain a Nex Unique (Hilt, Vambs, Torva, Horn, Pet) (I will allow vambs if you already got them from the God of the Dungeon tile)'),
(47,1,E'Kill Giant Mole 500 times'),
(48,1,E'Obtain all four rings from Dagannoth Kings'),
(49,2,E'Purchase 10000+ sharks from minnows in a single transaction'),
(50,1,E'Catch a Lucky Impling'),
(51,5,E'Win a game of Connect-Four against another team\'s member'),
(52,3,E'Earn the title: "of a Thousand Hunts". Catch 1000 Salamanders, 1000 Chins, 1000 Implings, and 1000 Herbiboar.'),
(53,5,E'Have 3 people from your team earn an Infernal cape (if you got a kc during the "earn a cape before anyone else" tile, I will count that too)'),
(54,2,E'Obtain a fang and a visage from Zulrah'),
(55,1,E'Obtain a Granite thing from Grotesque Guardians (except dust)'),
(56,2,E'Obtain a double item chest from Barrows, or finish a full set for one brother'),
(57,3,E'Receive a Dragon Full Helm as a drop'),
(58,1,E'Obtain a Sarachnis cudgel'),
(59,1,E'Receive a Blood Shard as a drop (Thieving or Killing Vyrewatch)'),
(60,1,E'Obtain an Earth Warrior Champion\'s Scroll'),
(61,5,E'Achieve the largest XP drop out of any other team (Must show up as a single XP drop to count)'),
(62,3,E'Best fashionscape (Foki is judge) (Submit all screenshots anonymously from team captain with no identifiable info)'),
(63,3,E'Make your Torva bloody. (if you already have blood torva, screenshot new kcs.)'),
(64,1,E'Kill the King Black Dragon without wearing or equipping anything'),
(65,2,E'Kill all five God Wars bosses in a single inventory without banking or leaving the God Wars Dungeon'),
(66,1,E'Obtain an Abyssal Whip'),
(67,1,E'Obtain a master wand from the mage training arena'),
(68,5,E'Win a game of Castle Wars against another competing team'),
(69,3,E'Obtain a Dragon Warhammer'),
(70,3,E'Obtain full Virtus'),
(71,1,E'Obtain a Skotizo unique (claw, pet, onyx, Jar)'),
(72,2,E'Turn Amy into a Sellout. Buy one of everything from the Mahogany Homes Reward Shop'),
(73,1,E'Obtain an Unsired'),
(74,1,E'Obtain a Trident of the seas, and a Kraken tentacle'),
(75,5,E'Achieve the most consecutive LMS wins. (Screenshots of each win with kc is required)'),
(76,1,E'Obtain a Venator Shard'),
(77,3,E'Complete a deathless, 5-man ToB with a maximum of 1 person from each bingo team'),
(78,1,E'Obtain a Kalphite Queen unique (Tattered head, Dragon pickaxe, pet, jar, dragon chainbody)'),
(79,1,E'Obtain a black mask'),
(80,1,E'Create a sword in Giant\'s Foundry with a score of 69'),
(81,1,E'Purchase the full Brimhaven Agility Arena Graceful recolour'),
(82,5,E'Most gp earned in 1 hour on a fresh lvl 3 FTP ironman - final screenshot must include time played and be less than 60 minutes'),
(83,3,E'Kill Duke Sucellus with the least valuable setup'),
(84,1,E'Complete a sled run in Goblin Village with a time of 0:50 or less'),
(85,1,E'Obtain a bunch of stuff from Chaos Archeologist. (Rcb, Fedora, Odium Shard, Malediction Shard)'),
(86,1,E'Achieve Diamond time for the Earnest the Chicken quest speedrun'),
(87,3,E'Equip the highest combined defense and attack bonus out of any team while on Entrana. (Will add up the two highest + bonuses)'),
(88,1,E'Kill the bunny in Priffdinas'),
(89,1,E'Obtain a full set of Chaos Druid robes'),
(90,1,E'Achieve a Hallowed Sepulchre (all 5 floors) time of 6:20 or better'),
(91,1,E'Obtain a Clue in a Bottle of every type simultaneously (all five tiers)'),
(92,1,E'BONUS: Get a skilling pet'),
(93,1,E'BONUS: Get a boss pet'),
(94,1,E'BONUS: Get a 99'),
(95,1,E'BONUS: PK over 100m to someone not in clan, not in deathmatch. Just a good ol fashioned wildy PK.'),
(96,1,E'BONUS: Get sasa to say "I love you".'),
(999,999,E'TEST TASK');

CREATE TABLE settings (
	setting_name VARCHAR(30) NOT NULL,
    setting_start INT NOT NULL,
    setting_end INT NOT NULL
);

INSERT INTO settings VALUES ('days_unlocked', 0, 0);

CREATE TABLE the_fat_woodcocks (
	player_id SERIAL NOT NULL,
    player_name VARCHAR(20) NOT NULL,
    tasks_completed INT DEFAULT 0,
    PRIMARY KEY(player_id)
);

CREATE TABLE the_fat_woodcocks_board_state (
	task_id SERIAL NOT NULL,
    task_completion BOOLEAN,
    completed_by VARCHAR(20),
    completed_on TIMESTAMP,
    PRIMARY KEY(task_id),
    FOREIGN KEY(task_id) REFERENCES tasks(task_id)
);

INSERT INTO the_fat_woodcocks_board_state VALUES 
(1, FALSE, '', null),
(2, FALSE, '', null),
(3, FALSE, '', null),
(4, FALSE, '', null),
(5, FALSE, '', null),
(6, FALSE, '', null),
(7, FALSE, '', null),
(8, FALSE, '', null),
(9, FALSE, '', null),
(10, FALSE, '', null),
(11, FALSE, '', null),
(12, FALSE, '', null),
(13, FALSE, '', null),
(14, FALSE, '', null),
(15, FALSE, '', null),
(16, FALSE, '', null),
(17, FALSE, '', null),
(18, FALSE, '', null),
(19, FALSE, '', null),
(20, FALSE, '', null),
(21, FALSE, '', null),
(22, FALSE, '', null),
(23, FALSE, '', null),
(24, FALSE, '', null),
(25, FALSE, '', null),
(26, FALSE, '', null),
(27, FALSE, '', null),
(28, FALSE, '', null),
(29, FALSE, '', null),
(30, FALSE, '', null),
(31, FALSE, '', null),
(32, FALSE, '', null),
(33, FALSE, '', null),
(34, FALSE, '', null),
(35, FALSE, '', null),
(36, FALSE, '', null),
(37, FALSE, '', null),
(38, FALSE, '', null),
(39, FALSE, '', null),
(40, FALSE, '', null),
(41, FALSE, '', null),
(42, FALSE, '', null),
(43, FALSE, '', null),
(44, FALSE, '', null),
(45, FALSE, '', null),
(46, FALSE, '', null),
(47, FALSE, '', null),
(48, FALSE, '', null),
(49, FALSE, '', null),
(50, FALSE, '', null),
(51, FALSE, '', null),
(52, FALSE, '', null),
(53, FALSE, '', null),
(54, FALSE, '', null),
(55, FALSE, '', null),
(56, FALSE, '', null),
(57, FALSE, '', null),
(58, FALSE, '', null),
(59, FALSE, '', null),
(60, FALSE, '', null),
(61, FALSE, '', null),
(62, FALSE, '', null),
(63, FALSE, '', null),
(64, FALSE, '', null),
(65, FALSE, '', null),
(66, FALSE, '', null),
(67, FALSE, '', null),
(68, FALSE, '', null),
(69, FALSE, '', null),
(70, FALSE, '', null),
(71, FALSE, '', null),
(72, FALSE, '', null),
(73, FALSE, '', null),
(74, FALSE, '', null),
(75, FALSE, '', null),
(76, FALSE, '', null),
(77, FALSE, '', null),
(78, FALSE, '', null),
(79, FALSE, '', null),
(80, FALSE, '', null),
(81, FALSE, '', null),
(82, FALSE, '', null),
(83, FALSE, '', null),
(84, FALSE, '', null),
(85, FALSE, '', null),
(86, FALSE, '', null),
(87, FALSE, '', null),
(88, FALSE, '', null),
(89, FALSE, '', null),
(90, FALSE, '', null),
(91, FALSE, '', null),
(92, FALSE, '', null),
(93, FALSE, '', null),
(94, FALSE, '', null),
(95, FALSE, '', null),
(96, FALSE, '', null);

CREATE TABLE seczeys_revenge (
	player_id SERIAL NOT NULL,
    player_name VARCHAR(20) NOT NULL,
    tasks_completed INT,
    PRIMARY KEY(player_id)
);

CREATE TABLE seczeys_revenge_board_state (
	task_id SERIAL NOT NULL,
    task_completion BOOLEAN,
    completed_by VARCHAR(20),
    completed_on TIMESTAMP,
    PRIMARY KEY(task_id),
    FOREIGN KEY(task_id) REFERENCES tasks(task_id)
);

INSERT INTO seczeys_revenge_board_state VALUES 
(1, FALSE, '', null),
(2, FALSE, '', null),
(3, FALSE, '', null),
(4, FALSE, '', null),
(5, FALSE, '', null),
(6, FALSE, '', null),
(7, FALSE, '', null),
(8, FALSE, '', null),
(9, FALSE, '', null),
(10, FALSE, '', null),
(11, FALSE, '', null),
(12, FALSE, '', null),
(13, FALSE, '', null),
(14, FALSE, '', null),
(15, FALSE, '', null),
(16, FALSE, '', null),
(17, FALSE, '', null),
(18, FALSE, '', null),
(19, FALSE, '', null),
(20, FALSE, '', null),
(21, FALSE, '', null),
(22, FALSE, '', null),
(23, FALSE, '', null),
(24, FALSE, '', null),
(25, FALSE, '', null),
(26, FALSE, '', null),
(27, FALSE, '', null),
(28, FALSE, '', null),
(29, FALSE, '', null),
(30, FALSE, '', null),
(31, FALSE, '', null),
(32, FALSE, '', null),
(33, FALSE, '', null),
(34, FALSE, '', null),
(35, FALSE, '', null),
(36, FALSE, '', null),
(37, FALSE, '', null),
(38, FALSE, '', null),
(39, FALSE, '', null),
(40, FALSE, '', null),
(41, FALSE, '', null),
(42, FALSE, '', null),
(43, FALSE, '', null),
(44, FALSE, '', null),
(45, FALSE, '', null),
(46, FALSE, '', null),
(47, FALSE, '', null),
(48, FALSE, '', null),
(49, FALSE, '', null),
(50, FALSE, '', null),
(51, FALSE, '', null),
(52, FALSE, '', null),
(53, FALSE, '', null),
(54, FALSE, '', null),
(55, FALSE, '', null),
(56, FALSE, '', null),
(57, FALSE, '', null),
(58, FALSE, '', null),
(59, FALSE, '', null),
(60, FALSE, '', null),
(61, FALSE, '', null),
(62, FALSE, '', null),
(63, FALSE, '', null),
(64, FALSE, '', null),
(65, FALSE, '', null),
(66, FALSE, '', null),
(67, FALSE, '', null),
(68, FALSE, '', null),
(69, FALSE, '', null),
(70, FALSE, '', null),
(71, FALSE, '', null),
(72, FALSE, '', null),
(73, FALSE, '', null),
(74, FALSE, '', null),
(75, FALSE, '', null),
(76, FALSE, '', null),
(77, FALSE, '', null),
(78, FALSE, '', null),
(79, FALSE, '', null),
(80, FALSE, '', null),
(81, FALSE, '', null),
(82, FALSE, '', null),
(83, FALSE, '', null),
(84, FALSE, '', null),
(85, FALSE, '', null),
(86, FALSE, '', null),
(87, FALSE, '', null),
(88, FALSE, '', null),
(89, FALSE, '', null),
(90, FALSE, '', null),
(91, FALSE, '', null),
(92, FALSE, '', null),
(93, FALSE, '', null),
(94, FALSE, '', null),
(95, FALSE, '', null),
(96, FALSE, '', null);


CREATE TABLE tfk (
	player_id SERIAL NOT NULL,
    player_name VARCHAR(20) NOT NULL,
    tasks_completed INT,
    PRIMARY KEY(player_id)
);

CREATE TABLE tfk_board_state (
	task_id SERIAL NOT NULL,
    task_completion BOOLEAN,
    completed_by VARCHAR(20),
    completed_on TIMESTAMP,
    PRIMARY KEY(task_id),
    FOREIGN KEY(task_id) REFERENCES tasks(task_id)
);

INSERT INTO tfk_board_state VALUES 
(1, FALSE, '', null),
(2, FALSE, '', null),
(3, FALSE, '', null),
(4, FALSE, '', null),
(5, FALSE, '', null),
(6, FALSE, '', null),
(7, FALSE, '', null),
(8, FALSE, '', null),
(9, FALSE, '', null),
(10, FALSE, '', null),
(11, FALSE, '', null),
(12, FALSE, '', null),
(13, FALSE, '', null),
(14, FALSE, '', null),
(15, FALSE, '', null),
(16, FALSE, '', null),
(17, FALSE, '', null),
(18, FALSE, '', null),
(19, FALSE, '', null),
(20, FALSE, '', null),
(21, FALSE, '', null),
(22, FALSE, '', null),
(23, FALSE, '', null),
(24, FALSE, '', null),
(25, FALSE, '', null),
(26, FALSE, '', null),
(27, FALSE, '', null),
(28, FALSE, '', null),
(29, FALSE, '', null),
(30, FALSE, '', null),
(31, FALSE, '', null),
(32, FALSE, '', null),
(33, FALSE, '', null),
(34, FALSE, '', null),
(35, FALSE, '', null),
(36, FALSE, '', null),
(37, FALSE, '', null),
(38, FALSE, '', null),
(39, FALSE, '', null),
(40, FALSE, '', null),
(41, FALSE, '', null),
(42, FALSE, '', null),
(43, FALSE, '', null),
(44, FALSE, '', null),
(45, FALSE, '', null),
(46, FALSE, '', null),
(47, FALSE, '', null),
(48, FALSE, '', null),
(49, FALSE, '', null),
(50, FALSE, '', null),
(51, FALSE, '', null),
(52, FALSE, '', null),
(53, FALSE, '', null),
(54, FALSE, '', null),
(55, FALSE, '', null),
(56, FALSE, '', null),
(57, FALSE, '', null),
(58, FALSE, '', null),
(59, FALSE, '', null),
(60, FALSE, '', null),
(61, FALSE, '', null),
(62, FALSE, '', null),
(63, FALSE, '', null),
(64, FALSE, '', null),
(65, FALSE, '', null),
(66, FALSE, '', null),
(67, FALSE, '', null),
(68, FALSE, '', null),
(69, FALSE, '', null),
(70, FALSE, '', null),
(71, FALSE, '', null),
(72, FALSE, '', null),
(73, FALSE, '', null),
(74, FALSE, '', null),
(75, FALSE, '', null),
(76, FALSE, '', null),
(77, FALSE, '', null),
(78, FALSE, '', null),
(79, FALSE, '', null),
(80, FALSE, '', null),
(81, FALSE, '', null),
(82, FALSE, '', null),
(83, FALSE, '', null),
(84, FALSE, '', null),
(85, FALSE, '', null),
(86, FALSE, '', null),
(87, FALSE, '', null),
(88, FALSE, '', null),
(89, FALSE, '', null),
(90, FALSE, '', null),
(91, FALSE, '', null),
(92, FALSE, '', null),
(93, FALSE, '', null),
(94, FALSE, '', null),
(95, FALSE, '', null),
(96, FALSE, '', null);


CREATE TABLE the_real_world_traders (
	player_id SERIAL NOT NULL,
    player_name VARCHAR(20) NOT NULL,
    tasks_completed INT,
    PRIMARY KEY(player_id)
);

CREATE TABLE the_real_world_traders_board_state (
	task_id SERIAL NOT NULL,
    task_completion BOOLEAN,
    completed_by VARCHAR(20),
    completed_on TIMESTAMP,
    PRIMARY KEY(task_id),
    FOREIGN KEY(task_id) REFERENCES tasks(task_id)
);

INSERT INTO the_real_world_traders_board_state VALUES 
(1, FALSE, '', null),
(2, FALSE, '', null),
(3, FALSE, '', null),
(4, FALSE, '', null),
(5, FALSE, '', null),
(6, FALSE, '', null),
(7, FALSE, '', null),
(8, FALSE, '', null),
(9, FALSE, '', null),
(10, FALSE, '', null),
(11, FALSE, '', null),
(12, FALSE, '', null),
(13, FALSE, '', null),
(14, FALSE, '', null),
(15, FALSE, '', null),
(16, FALSE, '', null),
(17, FALSE, '', null),
(18, FALSE, '', null),
(19, FALSE, '', null),
(20, FALSE, '', null),
(21, FALSE, '', null),
(22, FALSE, '', null),
(23, FALSE, '', null),
(24, FALSE, '', null),
(25, FALSE, '', null),
(26, FALSE, '', null),
(27, FALSE, '', null),
(28, FALSE, '', null),
(29, FALSE, '', null),
(30, FALSE, '', null),
(31, FALSE, '', null),
(32, FALSE, '', null),
(33, FALSE, '', null),
(34, FALSE, '', null),
(35, FALSE, '', null),
(36, FALSE, '', null),
(37, FALSE, '', null),
(38, FALSE, '', null),
(39, FALSE, '', null),
(40, FALSE, '', null),
(41, FALSE, '', null),
(42, FALSE, '', null),
(43, FALSE, '', null),
(44, FALSE, '', null),
(45, FALSE, '', null),
(46, FALSE, '', null),
(47, FALSE, '', null),
(48, FALSE, '', null),
(49, FALSE, '', null),
(50, FALSE, '', null),
(51, FALSE, '', null),
(52, FALSE, '', null),
(53, FALSE, '', null),
(54, FALSE, '', null),
(55, FALSE, '', null),
(56, FALSE, '', null),
(57, FALSE, '', null),
(58, FALSE, '', null),
(59, FALSE, '', null),
(60, FALSE, '', null),
(61, FALSE, '', null),
(62, FALSE, '', null),
(63, FALSE, '', null),
(64, FALSE, '', null),
(65, FALSE, '', null),
(66, FALSE, '', null),
(67, FALSE, '', null),
(68, FALSE, '', null),
(69, FALSE, '', null),
(70, FALSE, '', null),
(71, FALSE, '', null),
(72, FALSE, '', null),
(73, FALSE, '', null),
(74, FALSE, '', null),
(75, FALSE, '', null),
(76, FALSE, '', null),
(77, FALSE, '', null),
(78, FALSE, '', null),
(79, FALSE, '', null),
(80, FALSE, '', null),
(81, FALSE, '', null),
(82, FALSE, '', null),
(83, FALSE, '', null),
(84, FALSE, '', null),
(85, FALSE, '', null),
(86, FALSE, '', null),
(87, FALSE, '', null),
(88, FALSE, '', null),
(89, FALSE, '', null),
(90, FALSE, '', null),
(91, FALSE, '', null),
(92, FALSE, '', null),
(93, FALSE, '', null),
(94, FALSE, '', null),
(95, FALSE, '', null),
(96, FALSE, '', null);


CREATE TABLE bbbbb (
	player_id SERIAL NOT NULL,
    player_name VARCHAR(20) NOT NULL,
    tasks_completed INT,
    PRIMARY KEY(player_id)
);

CREATE TABLE bbbbb_board_state (
	task_id SERIAL NOT NULL,
    task_completion BOOLEAN,
    completed_by VARCHAR(20),
    completed_on TIMESTAMP,
    PRIMARY KEY(task_id),
    FOREIGN KEY(task_id) REFERENCES tasks(task_id)
);

INSERT INTO bbbbb_board_state VALUES 
(1, FALSE, '', null),
(2, FALSE, '', null),
(3, FALSE, '', null),
(4, FALSE, '', null),
(5, FALSE, '', null),
(6, FALSE, '', null),
(7, FALSE, '', null),
(8, FALSE, '', null),
(9, FALSE, '', null),
(10, FALSE, '', null),
(11, FALSE, '', null),
(12, FALSE, '', null),
(13, FALSE, '', null),
(14, FALSE, '', null),
(15, FALSE, '', null),
(16, FALSE, '', null),
(17, FALSE, '', null),
(18, FALSE, '', null),
(19, FALSE, '', null),
(20, FALSE, '', null),
(21, FALSE, '', null),
(22, FALSE, '', null),
(23, FALSE, '', null),
(24, FALSE, '', null),
(25, FALSE, '', null),
(26, FALSE, '', null),
(27, FALSE, '', null),
(28, FALSE, '', null),
(29, FALSE, '', null),
(30, FALSE, '', null),
(31, FALSE, '', null),
(32, FALSE, '', null),
(33, FALSE, '', null),
(34, FALSE, '', null),
(35, FALSE, '', null),
(36, FALSE, '', null),
(37, FALSE, '', null),
(38, FALSE, '', null),
(39, FALSE, '', null),
(40, FALSE, '', null),
(41, FALSE, '', null),
(42, FALSE, '', null),
(43, FALSE, '', null),
(44, FALSE, '', null),
(45, FALSE, '', null),
(46, FALSE, '', null),
(47, FALSE, '', null),
(48, FALSE, '', null),
(49, FALSE, '', null),
(50, FALSE, '', null),
(51, FALSE, '', null),
(52, FALSE, '', null),
(53, FALSE, '', null),
(54, FALSE, '', null),
(55, FALSE, '', null),
(56, FALSE, '', null),
(57, FALSE, '', null),
(58, FALSE, '', null),
(59, FALSE, '', null),
(60, FALSE, '', null),
(61, FALSE, '', null),
(62, FALSE, '', null),
(63, FALSE, '', null),
(64, FALSE, '', null),
(65, FALSE, '', null),
(66, FALSE, '', null),
(67, FALSE, '', null),
(68, FALSE, '', null),
(69, FALSE, '', null),
(70, FALSE, '', null),
(71, FALSE, '', null),
(72, FALSE, '', null),
(73, FALSE, '', null),
(74, FALSE, '', null),
(75, FALSE, '', null),
(76, FALSE, '', null),
(77, FALSE, '', null),
(78, FALSE, '', null),
(79, FALSE, '', null),
(80, FALSE, '', null),
(81, FALSE, '', null),
(82, FALSE, '', null),
(83, FALSE, '', null),
(84, FALSE, '', null),
(85, FALSE, '', null),
(86, FALSE, '', null),
(87, FALSE, '', null),
(88, FALSE, '', null),
(89, FALSE, '', null),
(90, FALSE, '', null),
(91, FALSE, '', null),
(92, FALSE, '', null),
(93, FALSE, '', null),
(94, FALSE, '', null),
(95, FALSE, '', null),
(96, FALSE, '', null);


CREATE TABLE phased_and_confused (
	player_id SERIAL NOT NULL,
    player_name VARCHAR(20) NOT NULL,
    tasks_completed INT,
    PRIMARY KEY(player_id)
);

CREATE TABLE phased_and_confused_board_state (
	task_id SERIAL NOT NULL,
    task_completion BOOLEAN,
    completed_by VARCHAR(20),
    completed_on TIMESTAMP DEFAULT NULL,
    PRIMARY KEY(task_id),
    FOREIGN KEY(task_id) REFERENCES tasks(task_id)
);

INSERT INTO phased_and_confused_board_state VALUES 
(1, FALSE, '', null),
(2, FALSE, '', null),
(3, FALSE, '', null),
(4, FALSE, '', null),
(5, FALSE, '', null),
(6, FALSE, '', null),
(7, FALSE, '', null),
(8, FALSE, '', null),
(9, FALSE, '', null),
(10, FALSE, '', null),
(11, FALSE, '', null),
(12, FALSE, '', null),
(13, FALSE, '', null),
(14, FALSE, '', null),
(15, FALSE, '', null),
(16, FALSE, '', null),
(17, FALSE, '', null),
(18, FALSE, '', null),
(19, FALSE, '', null),
(20, FALSE, '', null),
(21, FALSE, '', null),
(22, FALSE, '', null),
(23, FALSE, '', null),
(24, FALSE, '', null),
(25, FALSE, '', null),
(26, FALSE, '', null),
(27, FALSE, '', null),
(28, FALSE, '', null),
(29, FALSE, '', null),
(30, FALSE, '', null),
(31, FALSE, '', null),
(32, FALSE, '', null),
(33, FALSE, '', null),
(34, FALSE, '', null),
(35, FALSE, '', null),
(36, FALSE, '', null),
(37, FALSE, '', null),
(38, FALSE, '', null),
(39, FALSE, '', null),
(40, FALSE, '', null),
(41, FALSE, '', null),
(42, FALSE, '', null),
(43, FALSE, '', null),
(44, FALSE, '', null),
(45, FALSE, '', null),
(46, FALSE, '', null),
(47, FALSE, '', null),
(48, FALSE, '', null),
(49, FALSE, '', null),
(50, FALSE, '', null),
(51, FALSE, '', null),
(52, FALSE, '', null),
(53, FALSE, '', null),
(54, FALSE, '', null),
(55, FALSE, '', null),
(56, FALSE, '', null),
(57, FALSE, '', null),
(58, FALSE, '', null),
(59, FALSE, '', null),
(60, FALSE, '', null),
(61, FALSE, '', null),
(62, FALSE, '', null),
(63, FALSE, '', null),
(64, FALSE, '', null),
(65, FALSE, '', null),
(66, FALSE, '', null),
(67, FALSE, '', null),
(68, FALSE, '', null),
(69, FALSE, '', null),
(70, FALSE, '', null),
(71, FALSE, '', null),
(72, FALSE, '', null),
(73, FALSE, '', null),
(74, FALSE, '', null),
(75, FALSE, '', null),
(76, FALSE, '', null),
(77, FALSE, '', null),
(78, FALSE, '', null),
(79, FALSE, '', null),
(80, FALSE, '', null),
(81, FALSE, '', null),
(82, FALSE, '', null),
(83, FALSE, '', null),
(84, FALSE, '', null),
(85, FALSE, '', null),
(86, FALSE, '', null),
(87, FALSE, '', null),
(88, FALSE, '', null),
(89, FALSE, '', null),
(90, FALSE, '', null),
(91, FALSE, '', null),
(92, FALSE, '', null),
(93, FALSE, '', null),
(94, FALSE, '', null),
(95, FALSE, '', null),
(96, FALSE, '', null);

CREATE TABLE completions (
	item_id SERIAL NOT NULL,
    team VARCHAR(100) NOT NULL,
    player VARCHAR(20) NOT NULL,
    task INT NOT NULL,
    date TIMESTAMP NOT NULL,
    PRIMARY KEY (item_id),
    FOREIGN KEY (task) REFERENCES tasks(task_id)
);

CREATE TABLE submissions (
	submission_id SERIAL,
    task_id INT NOT NULL,
    img_url VARCHAR(500) NOT NULL,
    channel_id VARCHAR(30) NOT NULL,
    message_id VARCHAR(30) NOT NULL,
    player VARCHAR(20) NOT NULL,
    team VARCHAR(20) NOT NULL,
    date_submitted TIMESTAMP NOT NULL,
    PRIMARY KEY (submission_id),
    FOREIGN KEY (task_id) REFERENCES tasks(task_id)
);

--- TESTING

CREATE TABLE team_test (
	player_id SERIAL NOT NULL,
    player_name VARCHAR(20) NOT NULL,
    tasks_completed INT,
    PRIMARY KEY(player_id)
);

CREATE TABLE team_test_board_state (
	task_id SERIAL NOT NULL,
    task_completion BOOLEAN,
    completed_by VARCHAR(20),
    completed_on TIMESTAMP DEFAULT NULL,
    PRIMARY KEY(task_id),
    FOREIGN KEY(task_id) REFERENCES tasks(task_id)
);

INSERT INTO team_test_board_state VALUES 
(1, FALSE, '', null),
(2, FALSE, '', null),
(3, FALSE, '', null),
(4, FALSE, '', null),
(5, FALSE, '', null),
(6, FALSE, '', null),
(7, FALSE, '', null),
(8, FALSE, '', null),
(9, FALSE, '', null),
(10, FALSE, '', null),
(11, FALSE, '', null),
(12, FALSE, '', null),
(13, FALSE, '', null),
(14, FALSE, '', null),
(15, FALSE, '', null),
(16, FALSE, '', null),
(17, FALSE, '', null),
(18, FALSE, '', null),
(19, FALSE, '', null),
(20, FALSE, '', null),
(21, FALSE, '', null),
(22, FALSE, '', null),
(23, FALSE, '', null),
(24, FALSE, '', null),
(25, FALSE, '', null),
(26, FALSE, '', null),
(27, FALSE, '', null),
(28, FALSE, '', null),
(29, FALSE, '', null),
(30, FALSE, '', null),
(31, FALSE, '', null),
(32, FALSE, '', null),
(33, FALSE, '', null),
(34, FALSE, '', null),
(35, FALSE, '', null),
(36, FALSE, '', null),
(37, FALSE, '', null),
(38, FALSE, '', null),
(39, FALSE, '', null),
(40, FALSE, '', null),
(41, FALSE, '', null),
(42, FALSE, '', null),
(43, FALSE, '', null),
(44, FALSE, '', null),
(45, FALSE, '', null),
(46, FALSE, '', null),
(47, FALSE, '', null),
(48, FALSE, '', null),
(49, FALSE, '', null),
(50, FALSE, '', null),
(51, FALSE, '', null),
(52, FALSE, '', null),
(53, FALSE, '', null),
(54, FALSE, '', null),
(55, FALSE, '', null),
(56, FALSE, '', null),
(57, FALSE, '', null),
(58, FALSE, '', null),
(59, FALSE, '', null),
(60, FALSE, '', null),
(61, FALSE, '', null),
(62, FALSE, '', null),
(63, FALSE, '', null),
(64, FALSE, '', null),
(65, FALSE, '', null),
(66, FALSE, '', null),
(67, FALSE, '', null),
(68, FALSE, '', null),
(69, FALSE, '', null),
(70, FALSE, '', null),
(71, FALSE, '', null),
(72, FALSE, '', null),
(73, FALSE, '', null),
(74, FALSE, '', null),
(75, FALSE, '', null),
(76, FALSE, '', null),
(77, FALSE, '', null),
(78, FALSE, '', null),
(79, FALSE, '', null),
(80, FALSE, '', null),
(81, FALSE, '', null),
(82, FALSE, '', null),
(83, FALSE, '', null),
(84, FALSE, '', null),
(85, FALSE, '', null),
(86, FALSE, '', null),
(87, FALSE, '', null),
(88, FALSE, '', null),
(89, FALSE, '', null),
(90, FALSE, '', null),
(91, FALSE, '', null),
(92, FALSE, '', null),
(93, FALSE, '', null),
(94, FALSE, '', null),
(95, FALSE, '', null),
(96, FALSE, '', null);

CREATE TABLE test_completions (
	item_id SERIAL NOT NULL,
    team VARCHAR(100) NOT NULL,
    player VARCHAR(20) NOT NULL,
    task INT NOT NULL,
    date TIMESTAMP,
    PRIMARY KEY (item_id),
    FOREIGN KEY (task) REFERENCES tasks(task_id)
);

CREATE TABLE test_submissions (
	submission_id SERIAL,
    task_id INT NOT NULL,
    img_url VARCHAR(400) NOT NULL,
    player VARCHAR(20) NOT NULL,
    team VARCHAR(20) NOT NULL,
    date_submitted TIMESTAMP NOT NULL,
    PRIMARY KEY (submission_id),
    FOREIGN KEY (task_id) REFERENCES tasks(task_id)
);